target_rva,target_size,zh_source,alternates,confidence,ghidra_name,anchor
0x006C7600,1117,GeneralsMD/Code/Libraries/Source/profile/profile_result.cpp,0,high,FUN_00ac7600,"Function,File,Call count,PTT (all),GTT (all),PT/C (all),GT/C (all),Caller (all)"
0x001EA2CF,223,GeneralsMD/Code/GameEngine/Source/GameLogic/Object/Update/AIUpdate.cpp,0,high,FUN_005ea2cf,Attempted to specify a locomotor for object %s without an AIUpdate block.
0x006213B0,197,GeneralsMD/Code/Libraries/Source/WWVegas/WWLib/ini.cpp,0,high,FUN_00a213b0,<unknown>
0x0031ED2C,2583,Generals/Code/GameEngine/Source/GameClient/GUI/ControlBar/ControlBar.cpp,9,medium,FUN_0071ed2c,ControlBar.wnd:ButtonPlaceBeacon
0x0019DB50,2501,Generals/Code/Libraries/Source/WWVegas/WW3D2/hlod.cpp,1,medium,FUN_0059db50,BOUNDINGBOX
0x002DE641,2137,Generals/Code/GameEngine/Source/Common/System/SaveGame/GameState.cpp,1,medium,FUN_006de641,CHUNK_MineshaftPortalNetworkManager
0x000AD112,1494,Generals/Code/GameEngineDevice/Source/W3DDevice/GameClient/WorldHeightMap.cpp,3,medium,FUN_004ad112,GlobalLighting
0x006C9300,808,Generals/Code/GameEngine/Source/Common/System/registry.cpp,5,medium,FUN_00ac9300,MapPackVersion
0x0007846F,712,Generals/Code/GameEngine/Include/Common/FileSystem.h,1,medium,FUN_0047846f,Art/CompiledTextures/
0x0031553A,644,Generals/Code/GameEngine/Source/GameClient/GUI/GameWindowManagerScript.cpp,3,medium,FUN_0071553a,SCROLLLISTBOX
0x00338E52,605,Generals/Code/GameEngine/Source/GameLogic/Object/Update/DynamicGeometryInfoUpdate.cpp,3,medium,FUN_00738e52,SustainOpacity
0x0039A7E2,556,Generals/Code/GameEngine/Source/GameLogic/Map/SidesList.cpp,4,medium,FUN_0079a7e2,CAMP: Frame %d: Castle %s(%d) Packed(aka:DIE) called by %s
0x00154630,488,Generals/Code/Tools/Autorun/autorun.h,4,medium,FUN_00554630,Generals
0x004C40BA,413,Generals/Code/GameEngine/Include/GameLogic/Module/StealthUpdate.h,3,medium,FUN_008c40ba,FIRING_OR_PREATTACK_B
0x0014FAC2,390,Generals/Code/Tools/WW3D/max2w3d/presetexportoptionsdialog.cpp,1,medium,FUN_0054fac2,NumDirectionalLights
0x00230215,390,Generals/Code/GameEngine/Source/Common/GameEngine.cpp,1,medium,Catch@00630215,ERROR:D3DFailureMessage
0x000AF917,379,Generals/Code/GameEngine/Include/Common/FileSystem.h,1,medium,FUN_004af917,Art/Terrain/
0x003C4C07,341,Generals/Code/GameEngine/Source/GameLogic/ScriptEngine/Scripts.cpp,1,medium,FUN_007c4c07,Player Targetable
0x004C167E,334,Generals/Code/GameEngine/Include/GameLogic/Module/LifetimeUpdate.h,6,medium,FUN_008c167e,LifetimeUpdate
0x0005BA08,330,Generals/Code/GameEngineDevice/Source/MilesAudioDevice/MilesAudioManager.cpp,1,medium,FUN_0045ba08,Mono Delay Time
0x00376D49,329,Generals/Code/GameEngine/Source/GameClient/GUI/GUICallbacks/Menus/OptionsMenu.cpp,5,medium,FUN_00776d49,OptionsMenu.wnd:OptionsMenuParent
0x003B5994,307,Generals/Code/GameEngine/Include/GameLogic/Scripts.h,3,medium,FUN_007b5994,ScriptActionFalse
0x002C2533,263,Generals/Code/GameEngine/Source/GameClient/GUI/GameWindowManager.cpp,9,medium,FUN_006c2533,Times New Roman
0x0007FFED,233,Generals/Code/GameEngine/Source/GameClient/Water.cpp,1,medium,FUN_0047ffed,BlendUsingTerrainAlpha
0x002054FF,224,Generals/Code/GameEngine/Source/GameLogic/ScriptEngine/ScriptEngine.cpp,1,medium,FUN_006054ff,AdjustVariableAndPause
0x0016AE70,194,Generals/Code/Libraries/Source/WWVegas/WW3D2/meshgeometry.cpp,1,medium,FUN_0056ae70,MeshGeometryClass::Vertex
0x00418F7D,160,Generals/Code/GameEngine/Source/GameClient/Eva.cpp,3,medium,FUN_00818f7d,Cannot redefine attack priority for unit type %s
0x003B7951,160,Generals/Code/GameEngine/Include/GameLogic/Scripts.h,3,medium,FUN_007b7951,ScriptList
0x0044A9E6,158,Generals/Code/GameEngine/Source/GameNetwork/NetworkUtil.cpp,1,medium,FUN_0084a9e6,127.0.0.1
0x0051569F,155,Generals/Code/GameEngine/Source/Common/System/SaveGame/GameState.cpp,1,medium,FUN_0091569f,00000000.sav
0x002DD6D2,147,Generals/Code/GameEngine/Source/Common/System/SaveGame/GameState.cpp,1,medium,Catch@006dd6d2,GUI:ErrorSavingGame
0x00282021,127,Generals/Code/GameEngine/Include/GameLogic/Scripts.h,1,medium,FUN_00682021,Water Grid
0x00239539,82,Generals/Code/GameEngine/Source/GameClient/GameClient.cpp,1,medium,FUN_00639539,EALogoMovie
0x004B488F,68,Generals/Code/GameEngine/Include/GameLogic/Module/RadarUpdate.h,4,medium,FUN_008b488f,RadarUpdate
0x0022D53F,67,Generals/Code/GameEngine/Source/Common/GameEngine.cpp,1,medium,FUN_0062d53f,Uncaught Exception in GameEngine::update
0x00230412,62,Generals/Code/GameEngine/Source/Common/GameEngine.cpp,1,medium,Catch@00630412,Uncaught Exception during initialization.
